LR,SR,SA,LC,RD,ontology
0.0038684719535783366,0.0,0.0,0.0,0.0007736943907156674,structured_gpt4.1.ttl
0.005802707930367505,0.0,0.0,0.0,0.001160541586073501,reuse_oriented_Llama-3.1-8B-Instruct.ttl
0.005802707930367505,0.0,0.0,0.0,0.001160541586073501,reuse_oriented_Qwen2.5-7B-Instruct.ttl
0.0,0.0,0.0,0.0,0.0,unstructured_gpt4.1.ttl
0.0,0.0,0.0,0.0,0.0,unstructured_Llama-3.1-8B-Instruct.ttl
0.0038684719535783366,0.0,0.0,0.0,0.0007736943907156674,unstructured_Qwen2.5-7B-Instruct.ttl
0.009671179883945842,0.0,0.0,0.0,0.0019342359767891685,reuse_oriented_gpt4.1.ttl
0.005802707930367505,0.0,0.0,0.0,0.001160541586073501,structured_Llama-3.1-8B-Instruct.ttl
0.005802707930367505,0.0,0.0,0.0,0.001160541586073501,structured_Qwen2.5-7B-Instruct.ttl
